<?xml version="1.0"?>

<!-- ====================================================================== -->
<!-- Provider configuration file                                            -->
<!--                                                                        -->
<!-- This configures JMS CTS to test RabbitMQ's JMS                         -->
<!-- ====================================================================== -->

<configuration>

  <provider>
    <name>RabbitJMS</name>
    <class>com.rabbitmq.integration.jmscts.RabbitJmsCtsProvider</class>
    <config>
      <path>config/rabbit.xml</path>
    </config>
  </provider>

</configuration>
