<?xml version="1.0"?>

<!-- ====================================================================== -->
<!-- RabbitMQ JMS test case filter 2013-NOV-11 - selector tests only        -->
<!-- ====================================================================== -->

<filter>

  <exclude> <factory>XAQueueConnectionFactory</factory>
 </exclude>                                                                          <!-- We have not yet implemented XA, we may never -->
  <exclude> <factory>XATopicConnectionFactory</factory>
 </exclude>                                                                          <!-- We have not yet implemented XA, we may never -->
  <exclude> <factory>QueueConnectionFactory</factory>
 </exclude>                                                                          <!-- We do not test queue selectors, we may never -->
  <include> <factory>TopicConnectionFactory</factory>
 </include>

  <!-- ====================================================================== -->
  <!-- The tests below are known to pass                                      -->
  <!-- ====================================================================== -->

  <exclude> <test>org.exolab.jmscts.test.connection.AuthTest.*</test>
 </exclude>
  <exclude> <test>org.exolab.jmscts.test.connection.ClientIdentifierTest.*</test>
 </exclude>
  <exclude> <test>org.exolab.jmscts.test.connection.ConnectionCloseTest.*</test>
 </exclude>
  <exclude> <test>org.exolab.jmscts.test.connection.ListenerTest.*</test>
 </exclude>
  <exclude> <test>org.exolab.jmscts.test.connection.MetaDataTest.*</test>
 </exclude>
  <exclude> <test>org.exolab.jmscts.test.connection.ReceiverTest.*</test>
 </exclude>
  <exclude> <test>org.exolab.jmscts.test.connection.SendReceiveStopTest.*</test>
 </exclude>
  <exclude> <test>org.exolab.jmscts.test.connection.StopStartTest.*</test>
 </exclude>
  <exclude> <test>org.exolab.jmscts.test.message.bytes.BytesMessageTest.*</test>
 </exclude>
  <exclude> <test>org.exolab.jmscts.test.message.clear.ClearTest.*</test>
 </exclude>
  <exclude> <test>org.exolab.jmscts.test.message.clear.RecoverClearTest.*</test>
 </exclude>
  <exclude> <test>org.exolab.jmscts.test.message.clear.RollbackClearTest.*</test>
 </exclude>
  <exclude> <test>org.exolab.jmscts.test.message.clear.SendReceiveClearTest.*</test>
 </exclude>
  <exclude> <test>org.exolab.jmscts.test.message.close.CloseTest.*</test>
 </exclude>
  <exclude> <test>org.exolab.jmscts.test.message.copy.BytesMessageTest.*</test>
 </exclude>
  <exclude> <test>org.exolab.jmscts.test.message.copy.MapMessageTest.*</test>
 </exclude>
  <exclude> <test>org.exolab.jmscts.test.message.copy.MessageCopyTest.*</test>
 </exclude>
  <exclude> <test>org.exolab.jmscts.test.message.copy.ObjectMessageTest.*</test>
 </exclude>
  <exclude> <test>org.exolab.jmscts.test.message.copy.StreamMessageTest.*</test>
 </exclude>
  <exclude> <test>org.exolab.jmscts.test.message.foreign.ForeignMessageTest.*</test>
 </exclude>
  <exclude> <test>org.exolab.jmscts.test.message.header.JMSCorrelationIDTest.*</test>
 </exclude>
  <exclude> <test>org.exolab.jmscts.test.message.header.JMSDestinationTest.*</test>
 </exclude>
  <exclude> <test>org.exolab.jmscts.test.message.header.JMSMessageIDTest.*</test>
 </exclude>
  <exclude> <test>org.exolab.jmscts.test.message.header.JMSReplyToTest.*</test>
 </exclude>
  <exclude> <test>org.exolab.jmscts.test.message.map.MapMessageTest.*</test>
 </exclude>
  <exclude> <test>org.exolab.jmscts.test.message.object.ObjectMessageTest.*</test>
 </exclude>
  <exclude> <test>org.exolab.jmscts.test.message.properties.IdentifierTest.*</test>
 </exclude>
  <exclude> <test>org.exolab.jmscts.test.message.properties.JMSXGroupTest.*</test>
 </exclude>
  <exclude> <test>org.exolab.jmscts.test.message.properties.PropertyConversionTest.*</test>
 </exclude>
  <exclude> <test>org.exolab.jmscts.test.message.properties.PropertyTest.*</test>
 </exclude>
  <exclude> <test>org.exolab.jmscts.test.message.properties.PropertyTypeTest.*</test>
 </exclude>
  <exclude> <test>org.exolab.jmscts.test.message.readwrite.ReadWriteTest.*</test>
 </exclude>
  <exclude> <test>org.exolab.jmscts.test.message.readwrite.SendReceiveReadWriteTest.*</test>
 </exclude>
  <exclude> <test>org.exolab.jmscts.test.message.stream.StreamMessageTest.*</test>
 </exclude>
  <exclude> <test>org.exolab.jmscts.test.producer.ttl.ExpirationTest.*</test>
 </exclude>
  <exclude> <test>org.exolab.jmscts.test.producer.ttl.QueueSenderTest.*</test>
 </exclude>
  <exclude> <test>org.exolab.jmscts.test.producer.ttl.TopicPublisherTest.*</test>
 </exclude>
  <exclude> <test>org.exolab.jmscts.test.session.AutoAckTest.*</test>
 </exclude>
  <exclude> <test>org.exolab.jmscts.test.session.clientack.ClientAcknowledgeTest.*</test>
 </exclude>
  <exclude> <test>org.exolab.jmscts.test.session.clientack.CloseTest.*</test>
 </exclude>
  <exclude> <test>org.exolab.jmscts.test.session.clientack.RepublishTest.*</test>
 </exclude>
  <exclude> <test>org.exolab.jmscts.test.session.clientack.SubscriberRedeliveredTest.*</test>
 </exclude>
  <exclude> <test>org.exolab.jmscts.test.session.CloseTest.*</test>
 </exclude>
  <exclude> <test>org.exolab.jmscts.test.session.DupsAckTest.*</test>
 </exclude>
  <exclude> <test>org.exolab.jmscts.test.session.ListenerCloseTest.*</test>
 </exclude>
  <exclude> <test>org.exolab.jmscts.test.session.MessageListenerTest.*</test>
 </exclude>
  <exclude> <test>org.exolab.jmscts.test.session.NonTransactedTest.*</test>
 </exclude>
  <exclude> <test>org.exolab.jmscts.test.session.ReceiverCloseTest.*</test>
 </exclude>
  <exclude> <test>org.exolab.jmscts.test.session.transacted.CloseTest.*</test>
 </exclude>
  <exclude> <test>org.exolab.jmscts.test.session.transacted.CommitTest.*</test>
 </exclude>
  <exclude> <test>org.exolab.jmscts.test.session.transacted.RecoverTest.*</test>
 </exclude>
  <exclude> <test>org.exolab.jmscts.test.session.transacted.RollbackTest.*</test>
 </exclude>
  <exclude> <test>org.exolab.jmscts.test.topic.DuplicateDurableSubscriberTest.*</test>
 </exclude>
  <exclude> <test>org.exolab.jmscts.test.topic.DurableSubscriberTest.*</test>
 </exclude>

  <include> <receiver>synchronous</receiver>
 </include>
  <include> <receiver>asynchronous</receiver>
 </include>
  <include> <receiver>durable_synchronous</receiver>
 </include>
  <include> <receiver>durable_asynchronous</receiver>
 </include>
  <include> <receiver>browser</receiver>
 </include>

  <!-- ====================================================================== -->
  <!-- Below are tests we yet have to test                                    -->
  <!-- ====================================================================== -->

  <!-- ====================================================================== -->
  <!-- and here are tests we know are failing                                 -->
  <!-- ====================================================================== -->

  <exclude> <test>org.exolab.jmscts.test.topic.NoLocalTest.*</test>
 </exclude>                                                                          <!-- RabbitMQ doesn't support noLocal -->

  <!-- ====================================================================== -->
  <!-- Here are conditional tests that we think should pass in some cases     -->
  <!-- ====================================================================== -->

  <include> <test>org.exolab.jmscts.test.selector.AndOperatorTest.*</test>
 </include>                                                                          <!-- RJMS client does support topic selectors -->
  <include> <test>org.exolab.jmscts.test.selector.OrOperatorTest.*</test>
 </include>                                                                          <!-- RJMS client does support topic selectors -->
  <include> <test>org.exolab.jmscts.test.selector.InOperatorTest.*</test>
 </include>                                                                          <!-- RJMS client does support topic selectors -->
  <include> <test>org.exolab.jmscts.test.selector.BetweenOperatorTest.*</test>
 </include>                                                                          <!-- RJMS client does support topic selectors -->
  <include> <test>org.exolab.jmscts.test.selector.BooleanTest.*</test>
 </include>                                                                          <!-- RJMS client does support topic selectors -->
  <include> <test>org.exolab.jmscts.test.selector.EmptySelectorTest.*</test>
 </include>                                                                          <!-- RJMS client does support topic selectors -->
  <include> <test>org.exolab.jmscts.test.selector.FloatTest.*</test>
 </include>                                                                          <!-- RJMS client does support topic selectors -->
  <include> <test>org.exolab.jmscts.test.selector.IdentifierTest.*</test>
 </include>                                                                          <!-- RJMS client does support topic selectors -->
  <include> <test>org.exolab.jmscts.test.selector.JMSDeliveryModeTest.*</test>
 </include>                                                                          <!-- RJMS client does support topic selectors -->
  <include> <test>org.exolab.jmscts.test.selector.JMSPriorityTest.*</test>
 </include>                                                                          <!-- RJMS client does support topic selectors -->
  <include> <test>org.exolab.jmscts.test.selector.JMSTimestampTest.*</test>
 </include>                                                                          <!-- RJMS client does support topic selectors -->
  <include> <test>org.exolab.jmscts.test.selector.StringTest.*</test>
 </include>                                                                          <!-- RJMS client does support topic selectors -->

  <!-- ====================================================================== -->
  <!-- and here are tests that we think should never pass                     -->
  <!-- ====================================================================== -->

  <exclude> <test>org.exolab.jmscts.test.asf.ConnectionConsumerTest.*</test>
 </exclude>                                                                          <!-- we don't support Connection Consumers -->

</filter>
